EmpID,LastName,FirstName,Title,CardNumber,imageName
333334,Laker,Freddy,Trainee,516,333334
221133,Puig,Ray,el hefe,30582,221133
787898,Khan,Jenas,miner,233444,787898
232323,Xi,vanderbilt,miner,3433344,232323
5544544,Hurd,Kate,CEO,473645,5544544
11214,Evanston,Alan,Trainee,11214,11214
123457,Stevenson,Jenny,Surgeon,11215,123457
897766,DeLeonnis,Ronald C,Motivator,8986655,897766
342332,Vronski,Sara,tealady,899977,342332
123459,Smithson,Franc,Physician,11217,123459
123458,Brownson,Karl,Pharmacist,11216,123458
123123,Bartkowski,willy,chocalatier,2324455,123213
22101144,Jones,Pat,Slacker,9238477,22101144
117249,Beantown,Warren,Presenter,17029,117249
23242,McCallan,Ian,Restorer,519,23242
10001,Rybar,Mirta,Trainee,521,10001
10002,Fylan,Schweta,el hefe,4324,10002
10003,Samson,Rossen,miner,454536,10003
10004,Andreasson,Helena,miner,547,10004
10005,Columbo,Ratna,CEO,8678,10005
10006,Zabek,Shihab,Trainee,545,10006
10007,Mingo,Artemio,Surgeon,586,10007
10008,Vroom,Jemma,Motivator,7658,10008
10010,Nilsen,Adam,tealady,98790,10010
10011,Gass,Apolonia,Physician,658787,10011
10012,Payne,gill,Pharmacist,353254,10012
10013,Tolkien,Clidna,chocalatier,435536,10013
10014,Norris,Goranka,Slacker,67658,10014
10015,Antal,Anjali,Presenter,76898,10015
10016,Avci,Asad,Restorer,899765,10016
20001,Christensen,Tasja,Trainee,4356345,20001
20002,Valdez,Chris,el hefe,564566,20002
20003,Yiang,Petter,miner,655554443,20003
30004,Holub,Rona ,miner,4567867,30004
30005,Coughlin,Cleveland,CEO,8756876,30005
30006,Masters,Wilfrid,Trainee,7698,30006
30007,Fernandez,Kishore,Surgeon,24535,30007
30008,Diaz,Aliaksandr,Motivator,34556,30008
30009,Alderisi,Wilshore,tealady,7675678,30009
30010,Langer,Tryphon,Physician,7878,30010
30011,Willard,Iason,Pharmacist,67868,30011
30012,Donohue,Gratia,chocalatier,634,30012
30013,Barker,Boadicea,Slacker,2141341,30013
30014,Aukes,Esben,Presenter,3242,30014
30582,jaffanova,Marjory,Restorer,2342324,30015
